,access_rate,epsilon_values,explore/exploit,latency_deviation,states,total_latency,total_rewards
0,0.43999999999999995,1.0,explore,5.8765134331948445,"[2, 10, 6, 10, 3, 1, 3, 6, 8, 2, 55808.62957089552, 2499944191.370429, 55808.62957089552, 2499944191.370429, 55808.62957089552, 2499944191.370429, 55808.62957089552, 2499944191.370429, 55808.62957089552, 2499944191.370429, 55808.62957089552, 2499944191.370429, 55808.62957089552, 2499944191.370429, 55808.62957089552, 2499944191.370429, 55808.62957089552, 2499944191.370429, 55808.62957089552, 2499944191.370429, 3.6571428571428575, 3.6571428571428575, 3.6999999999999997, 3.6999999999999997, 3.3428571428571425, 3.3428571428571425, 3.457142857142857, 3.457142857142857, 1.9857142857142858, 1.9857142857142858, 2.9285714285714284, 2.9285714285714284, 2.085714285714286, 2.085714285714286, 3.7142857142857144, 3.7142857142857144, 2.6285714285714286, 2.6285714285714286, 3.6285714285714286, 3.6285714285714286, 900, 10.900395732652495]",14.015061079920475,-12.18247109859135
1,0.48,1.0,explore,2.055459803086359,"[4, 2, 3, 6, 9, 5, 10, 10, 8, 5, 55829.98045708955, 2499944170.0195427, 55829.98045708955, 2499944170.0195427, 55829.98045708955, 2499944170.0195427, 55829.98045708955, 2499944170.0195427, 55829.98045708955, 2499944170.0195427, 55829.98045708955, 2499944170.0195427, 55829.98045708955, 2499944170.0195427, 55829.98045708955, 2499944170.0195427, 55829.98045708955, 2499944170.0195427, 55829.98045708955, 2499944170.0195427, 1.0, 1.0, 1.0, 1.0, 1.0, 1.0, 1.0, 1.0, 1.0, 1.0, 1.0, 1.0, 1.0, 1.0, 1.0, 1.0, 1.0, 1.0, 1.0, 1.0, 1000, 10.345498674556287]",10.283514199102616,-49.58083003730627
2,0.5,1.0,explore,2.8481559521665134,"[10, 4, 9, 7, 7, 8, 4, 9, 4, 3, 55829.98045708955, 2499944170.0195427, 55829.98045708955, 2499944170.0195427, 55829.98045708955, 2499944170.0195427, 55829.98045708955, 2499944170.0195427, 55829.98045708955, 2499944170.0195427, 55829.98045708955, 2499944170.0195427, 55829.98045708955, 2499944170.0195427, 55829.98045708955, 2499944170.0195427, 55829.98045708955, 2499944170.0195427, 55829.98045708955, 2499944170.0195427, 1.2636363636363637, 1.2636363636363637, 1.6363636363636365, 1.6363636363636365, 2.1636363636363636, 2.1636363636363636, 2.127272727272727, 2.127272727272727, 2.227272727272727, 2.227272727272727, 2.272727272727273, 2.272727272727273, 2.272727272727273, 2.272727272727273, 2.1999999999999997, 2.1999999999999997, 1.0, 1.0, 2.227272727272727, 2.227272727272727, 1100, 8.776449532187554]",9.072732067417327,-19.398036690246734
3,0.42000000000000004,1.0,explore,6.021434038674359,"[7, 1, 3, 8, 4, 7, 2, 5, 10, 8, 55813.96730410447, 2499944186.032696, 55813.96730410447, 2499944186.032696, 55813.96730410447, 2499944186.032696, 55813.96730410447, 2499944186.032696, 55813.96730410447, 2499944186.032696, 55813.96730410447, 2499944186.032696, 55813.96730410447, 2499944186.032696, 55813.96730410447, 2499944186.032696, 55813.96730410447, 2499944186.032696, 55813.96730410447, 2499944186.032696, 22.8, 22.8, 20.5, 20.5, 25.6, 25.6, 25.1, 25.1, 18.6, 18.6, 16.6, 16.6, 24.7, 24.7, 26.0, 26.0, 24.4, 24.4, 25.6, 25.6, 900, 0.0]",12.432511894923412,-33.526570636971385
4,0.5199999999999999,1.0,explore,5.086077221372396,"[7, 2, 3, 2, 4, 5, 6, 7, 2, 6, 67597.00489738806, 2499932402.9951024, 67597.00489738806, 2499932402.9951024, 67597.00489738806, 2499932402.9951024, 67597.00489738806, 2499932402.9951024, 67597.00489738806, 2499932402.9951024, 67597.00489738806, 2499932402.9951024, 67597.00489738806, 2499932402.9951024, 67597.00489738806, 2499932402.9951024, 67597.00489738806, 2499932402.9951024, 67597.00489738806, 2499932402.9951024, 3.6, 3.6, 2.5142857142857147, 2.5142857142857147, 3.357142857142857, 3.357142857142857, 3.685714285714286, 3.685714285714286, 3.7142857142857144, 3.7142857142857144, 3.742857142857143, 3.742857142857143, 3.257142857142857, 3.257142857142857, 2.9857142857142853, 2.9857142857142853, 3.1999999999999997, 3.1999999999999997, 3.6714285714285713, 3.6714285714285713, 900, 9.438283158811142]",11.229590498214554,-23.67856450028202
5,0.54,1.0,explore,5.043004629422578,"[8, 10, 10, 6, 2, 1, 3, 3, 9, 1, 66977.82831156717, 2499933022.1716886, 66977.82831156717, 2499933022.1716886, 66977.82831156717, 2499933022.1716886, 66977.82831156717, 2499933022.1716886, 66977.82831156717, 2499933022.1716886, 66977.82831156717, 2499933022.1716886, 66977.82831156717, 2499933022.1716886, 66977.82831156717, 2499933022.1716886, 66977.82831156717, 2499933022.1716886, 66977.82831156717, 2499933022.1716886, 4.233333333333333, 4.233333333333333, 4.266666666666667, 4.266666666666667, 3.1333333333333333, 3.1333333333333333, 2.316666666666667, 2.316666666666667, 4.1000000000000005, 4.1000000000000005, 3.3166666666666664, 3.3166666666666664, 4.116666666666666, 4.116666666666666, 3.516666666666667, 3.516666666666667, 3.0833333333333335, 3.0833333333333335, 3.5666666666666664, 3.5666666666666664, 1000, 13.057880411440875]",13.365014899974161,-48.540631566572955
6,0.6,1.0,explore,3.664796458994104,"[2, 4, 6, 8, 5, 7, 3, 3, 9, 5, 55811.29841417911, 2499944188.701586, 55811.29841417911, 2499944188.701586, 55811.29841417911, 2499944188.701586, 55811.29841417911, 2499944188.701586, 55811.29841417911, 2499944188.701586, 55811.29841417911, 2499944188.701586, 55811.29841417911, 2499944188.701586, 55811.29841417911, 2499944188.701586, 55811.29841417911, 2499944188.701586, 55811.29841417911, 2499944188.701586, 5.2, 5.2, 5.2, 5.2, 4.82, 4.82, 5.04, 5.04, 4.1, 4.1, 5.14, 5.14, 4.9, 4.9, 4.88, 4.88, 5.0, 5.0, 5.08, 5.08, 1000, 5.893769467750411]",9.897843010446433,-7.521513959809686
7,0.5599999999999999,1.0,explore,3.0861771289259567,"[5, 4, 7, 1, 5, 5, 6, 2, 9, 10, 55248.16795708956, 2499944751.8320427, 55248.16795708956, 2499944751.8320427, 55248.16795708956, 2499944751.8320427, 55248.16795708956, 2499944751.8320427, 55248.16795708956, 2499944751.8320427, 55248.16795708956, 2499944751.8320427, 55248.16795708956, 2499944751.8320427, 55248.16795708956, 2499944751.8320427, 55248.16795708956, 2499944751.8320427, 55248.16795708956, 2499944751.8320427, 2.3272727272727276, 2.3272727272727276, 2.272727272727273, 2.272727272727273, 1.8727272727272728, 1.8727272727272728, 2.0545454545454547, 2.0545454545454547, 2.272727272727273, 2.272727272727273, 2.3181818181818183, 2.3181818181818183, 2.2181818181818183, 2.2181818181818183, 2.3000000000000003, 2.3000000000000003, 1.3454545454545455, 1.3454545454545455, 1.7727272727272727, 1.7727272727272727, 900, 9.065326437972518]",13.229879159304573,-1.7761335714838924
8,0.5,1.0,explore,3.085433651992825,"[4, 8, 9, 4, 10, 6, 8, 6, 7, 1, 55707.21268656717, 2499944292.7873135, 55707.21268656717, 2499944292.7873135, 55707.21268656717, 2499944292.7873135, 55707.21268656717, 2499944292.7873135, 55707.21268656717, 2499944292.7873135, 55707.21268656717, 2499944292.7873135, 55707.21268656717, 2499944292.7873135, 55707.21268656717, 2499944292.7873135, 55707.21268656717, 2499944292.7873135, 55707.21268656717, 2499944292.7873135, 21.9, 21.9, 24.4, 24.4, 21.4, 21.4, 25.4, 25.4, 25.4, 25.4, 21.1, 21.1, 26.2, 26.2, 25.5, 25.5, 24.6, 24.6, 25.1, 25.1, 1000, 0.0]",9.228582395612172,-4.229551050613146
9,0.43999999999999995,1.0,explore,8.907763291193447,"[10, 5, 5, 9, 7, 6, 3, 7, 10, 10, 56409.12411380597, 2499943590.875886, 56409.12411380597, 2499943590.875886, 56409.12411380597, 2499943590.875886, 56409.12411380597, 2499943590.875886, 56409.12411380597, 2499943590.875886, 56409.12411380597, 2499943590.875886, 56409.12411380597, 2499943590.875886, 56409.12411380597, 2499943590.875886, 56409.12411380597, 2499943590.875886, 56409.12411380597, 2499943590.875886, 3.6, 3.6, 5.0, 5.0, 2.42, 2.42, 4.4799999999999995, 4.4799999999999995, 5.0, 5.0, 4.7, 4.7, 3.3200000000000003, 3.3200000000000003, 5.0, 5.0, 5.0600000000000005, 5.0600000000000005, 5.04, 5.04, 1000, 8.381464224593582]",12.96204193043983,-95.4774406365007
10,0.5199999999999999,1.0,explore,5.22203719340744,"[3, 4, 1, 3, 4, 2, 5, 7, 2, 9, 55813.96730410447, 2499944186.032696, 55813.96730410447, 2499944186.032696, 55813.96730410447, 2499944186.032696, 55813.96730410447, 2499944186.032696, 55813.96730410447, 2499944186.032696, 55813.96730410447, 2499944186.032696, 55813.96730410447, 2499944186.032696, 55813.96730410447, 2499944186.032696, 55813.96730410447, 2499944186.032696, 55813.96730410447, 2499944186.032696, 21.4, 21.4, 24.2, 24.2, 18.4, 18.4, 21.2, 21.2, 19.7, 19.7, 24.8, 24.8, 26.0, 26.0, 19.3, 19.3, 24.4, 24.4, 22.6, 22.6, 1100, 0.0]",9.633482197964943,-54.89081436529167
11,0.48,1.0,explore,6.064665437124089,"[4, 7, 7, 7, 6, 10, 6, 10, 2, 5, 55821.97388059701, 2499944178.026119, 55821.97388059701, 2499944178.026119, 55821.97388059701, 2499944178.026119, 55821.97388059701, 2499944178.026119, 55821.97388059701, 2499944178.026119, 55821.97388059701, 2499944178.026119, 55821.97388059701, 2499944178.026119, 55821.97388059701, 2499944178.026119, 55821.97388059701, 2499944178.026119, 55821.97388059701, 2499944178.026119, 1.3444444444444443, 1.3444444444444443, 2.611111111111111, 2.611111111111111, 2.3111111111111113, 2.3111111111111113, 1.5, 1.5, 2.1444444444444444, 2.1444444444444444, 2.411111111111111, 2.411111111111111, 1.8888888888888888, 1.8888888888888888, 2.711111111111111, 2.711111111111111, 1.6444444444444446, 1.6444444444444446, 2.3777777777777778, 2.3777777777777778, 1100, 10.960272005408129]",14.297693525388059,-23.0872425442054
12,0.6,1.0,explore,4.863827890458408,"[4, 8, 10, 1, 5, 6, 5, 4, 5, 4, 55837.98708022388, 2499944162.01292, 55837.98708022388, 2499944162.01292, 55837.98708022388, 2499944162.01292, 55837.98708022388, 2499944162.01292, 55837.98708022388, 2499944162.01292, 55837.98708022388, 2499944162.01292, 55837.98708022388, 2499944162.01292, 55837.98708022388, 2499944162.01292, 55837.98708022388, 2499944162.01292, 55837.98708022388, 2499944162.01292, 5.35, 5.35, 6.1, 6.1, 4.5, 4.5, 6.15, 6.15, 6.4, 6.4, 4.625, 4.625, 6.3, 6.3, 5.25, 5.25, 5.775, 5.775, 6.325, 6.325, 1000, 3.047589688563798]",9.096209507334716,-9.774041425990893
13,0.5,1.0,explore,3.8416624194671782,"[7, 2, 3, 2, 4, 5, 6, 7, 2, 6, 55829.98045708955, 2499944170.0195427, 55829.98045708955, 2499944170.0195427, 55829.98045708955, 2499944170.0195427, 55829.98045708955, 2499944170.0195427, 55829.98045708955, 2499944170.0195427, 55829.98045708955, 2499944170.0195427, 55829.98045708955, 2499944170.0195427, 55829.98045708955, 2499944170.0195427, 55829.98045708955, 2499944170.0195427, 55829.98045708955, 2499944170.0195427, 3.0, 3.0, 3.6142857142857143, 3.6142857142857143, 2.3714285714285714, 2.3714285714285714, 2.7142857142857144, 2.7142857142857144, 2.685714285714286, 2.685714285714286, 3.7142857142857144, 3.7142857142857144, 3.0285714285714285, 3.0285714285714285, 3.3000000000000003, 3.3000000000000003, 2.8857142857142857, 2.8857142857142857, 3.6571428571428575, 3.6571428571428575, 900, 6.771160188490315]",10.162844326870664,-16.142440523474125
14,0.58,1.0,explore,4.633967072305409,"[1, 10, 1, 7, 4, 8, 8, 4, 1, 1, 66972.4905783582, 2499933027.509422, 66972.4905783582, 2499933027.509422, 66972.4905783582, 2499933027.509422, 66972.4905783582, 2499933027.509422, 66972.4905783582, 2499933027.509422, 66972.4905783582, 2499933027.509422, 66972.4905783582, 2499933027.509422, 66972.4905783582, 2499933027.509422, 66972.4905783582, 2499933027.509422, 66972.4905783582, 2499933027.509422, 4.366666666666666, 4.366666666666666, 3.533333333333333, 3.533333333333333, 3.4166666666666665, 3.4166666666666665, 4.166666666666667, 4.166666666666667, 1.8, 1.8, 4.3, 4.3, 3.0833333333333335, 3.0833333333333335, 4.433333333333334, 4.433333333333334, 3.216666666666667, 3.216666666666667, 4.233333333333333, 4.233333333333333, 900, 10.764718059866162]",12.951400425140026,-0.5887798944107897
15,0.64,1.0,explore,3.7332586609936618,"[3, 2, 3, 1, 2, 3, 10, 9, 8, 2, 55829.98045708955, 2499944170.0195427, 55829.98045708955, 2499944170.0195427, 55829.98045708955, 2499944170.0195427, 55829.98045708955, 2499944170.0195427, 55829.98045708955, 2499944170.0195427, 55829.98045708955, 2499944170.0195427, 55829.98045708955, 2499944170.0195427, 55829.98045708955, 2499944170.0195427, 55829.98045708955, 2499944170.0195427, 55829.98045708955, 2499944170.0195427, 2.3454545454545457, 2.3454545454545457, 2.390909090909091, 2.390909090909091, 2.2363636363636363, 2.2363636363636363, 1.2272727272727273, 1.2272727272727273, 2.1999999999999997, 2.1999999999999997, 2.1545454545454543, 2.1545454545454543, 2.3000000000000003, 2.3000000000000003, 1.0, 1.0, 2.3636363636363638, 2.3636363636363638, 2.227272727272727, 2.227272727272727, 900, 8.187860436385792]",11.876991416521838,-1.507015421769217
16,0.48,1.0,explore,2.6859861367556173,"[7, 5, 7, 1, 8, 5, 2, 4, 7, 6, 55827.31161380596, 2499944172.688386, 55827.31161380596, 2499944172.688386, 55827.31161380596, 2499944172.688386, 55827.31161380596, 2499944172.688386, 55827.31161380596, 2499944172.688386, 55827.31161380596, 2499944172.688386, 55827.31161380596, 2499944172.688386, 55827.31161380596, 2499944172.688386, 55827.31161380596, 2499944172.688386, 55827.31161380596, 2499944172.688386, 2.46, 2.46, 2.55, 2.55, 2.52, 2.52, 2.46, 2.46, 2.4, 2.4, 2.6, 2.6, 2.52, 2.52, 2.6, 2.6, 1.6600000000000001, 1.6600000000000001, 2.58, 2.58, 900, 10.413016487938988]",8.829532541143024,-5.2697335622123465
17,0.5,1.0,explore,2.686407953889448,"[9, 1, 4, 10, 1, 3, 7, 6, 1, 8, 55829.98045708955, 2499944170.0195427, 55829.98045708955, 2499944170.0195427, 55829.98045708955, 2499944170.0195427, 55829.98045708955, 2499944170.0195427, 55829.98045708955, 2499944170.0195427, 55829.98045708955, 2499944170.0195427, 55829.98045708955, 2499944170.0195427, 55829.98045708955, 2499944170.0195427, 55829.98045708955, 2499944170.0195427, 55829.98045708955, 2499944170.0195427, 1.0, 1.0, 1.0, 1.0, 1.0, 1.0, 1.0, 1.0, 1.0, 1.0, 1.0, 1.0, 1.0, 1.0, 1.0, 1.0, 1.0, 1.0, 1.0, 1.0, 900, 10.981325128954195]",10.83105716447903,-2.196937045988662
18,0.42000000000000004,1.0,explore,7.303017381947439,"[5, 1, 4, 5, 5, 5, 1, 2, 7, 7, 44778.21179104477, 2499955221.788209, 44778.21179104477, 2499955221.788209, 44778.21179104477, 2499955221.788209, 44778.21179104477, 2499955221.788209, 44778.21179104477, 2499955221.788209, 44778.21179104477, 2499955221.788209, 44778.21179104477, 2499955221.788209, 44778.21179104477, 2499955221.788209, 44778.21179104477, 2499955221.788209, 44778.21179104477, 2499955221.788209, 5.825, 5.825, 6.35, 6.35, 5.35, 5.35, 6.5, 6.5, 5.35, 5.35, 5.775, 5.775, 6.15, 6.15, 6.45, 6.45, 6.4, 6.4, 5.7, 5.7, 1000, 12.03919652431993]",15.532016171837103,-49.57217270683646
19,0.4999999999999999,1.0,explore,9.315058709792215,"[10, 2, 7, 5, 3, 3, 9, 10, 6, 1, 55824.64277052239, 2499944175.3572297, 55824.64277052239, 2499944175.3572297, 55824.64277052239, 2499944175.3572297, 55824.64277052239, 2499944175.3572297, 55824.64277052239, 2499944175.3572297, 55824.64277052239, 2499944175.3572297, 55824.64277052239, 2499944175.3572297, 55824.64277052239, 2499944175.3572297, 55824.64277052239, 2499944175.3572297, 55824.64277052239, 2499944175.3572297, 2.066666666666667, 2.066666666666667, 2.1, 2.1, 1.7833333333333332, 1.7833333333333332, 1.7416666666666665, 1.7416666666666665, 1.625, 1.625, 1.4166666666666667, 1.4166666666666667, 2.1416666666666666, 2.1416666666666666, 2.066666666666667, 2.066666666666667, 1.5833333333333333, 1.5833333333333333, 2.1666666666666665, 2.1666666666666665, 1000, 8.773781445471213]",13.3731110934236,-1.9062154304944976
20,0.44000000000000006,1.0,explore,4.652422578645579,"[7, 1, 3, 8, 4, 7, 2, 5, 10, 8, 55843.32481343283, 2499944156.6751866, 55843.32481343283, 2499944156.6751866, 55843.32481343283, 2499944156.6751866, 55843.32481343283, 2499944156.6751866, 55843.32481343283, 2499944156.6751866, 55843.32481343283, 2499944156.6751866, 55843.32481343283, 2499944156.6751866, 55843.32481343283, 2499944156.6751866, 55843.32481343283, 2499944156.6751866, 55843.32481343283, 2499944156.6751866, 2.25, 2.25, 3.0, 3.0, 3.2125, 3.2125, 2.4375, 2.4375, 3.05, 3.05, 3.25, 3.25, 2.675, 2.675, 3.0, 3.0, 2.375, 2.375, 3.25, 3.25, 900, 12.049917337257403]",10.979072519706515,-14.933166793196275
21,0.5,1.0,explore,3.2644027017967696,"[8, 8, 1, 1, 2, 3, 3, 10, 7, 6, 55808.62957089552, 2499944191.370429, 55808.62957089552, 2499944191.370429, 55808.62957089552, 2499944191.370429, 55808.62957089552, 2499944191.370429, 55808.62957089552, 2499944191.370429, 55808.62957089552, 2499944191.370429, 55808.62957089552, 2499944191.370429, 55808.62957089552, 2499944191.370429, 55808.62957089552, 2499944191.370429, 55808.62957089552, 2499944191.370429, 4.216666666666667, 4.216666666666667, 4.283333333333333, 4.283333333333333, 3.8000000000000003, 3.8000000000000003, 3.5, 3.5, 4.1499999999999995, 4.1499999999999995, 3.8833333333333333, 3.8833333333333333, 3.0833333333333335, 3.0833333333333335, 3.966666666666667, 3.966666666666667, 3.9166666666666665, 3.9166666666666665, 3.1666666666666665, 3.1666666666666665, 1000, 7.720259926459719]",11.497004293010857,-2.9401297426921205
22,0.52,1.0,explore,2.6863164308510004,"[10, 3, 4, 4, 6, 2, 6, 9, 5, 2, 66972.4905783582, 2499933027.509422, 66972.4905783582, 2499933027.509422, 66972.4905783582, 2499933027.509422, 66972.4905783582, 2499933027.509422, 66972.4905783582, 2499933027.509422, 66972.4905783582, 2499933027.509422, 66972.4905783582, 2499933027.509422, 66972.4905783582, 2499933027.509422, 66972.4905783582, 2499933027.509422, 66972.4905783582, 2499933027.509422, 2.766666666666667, 2.766666666666667, 3.483333333333333, 3.483333333333333, 3.1666666666666665, 3.1666666666666665, 3.5666666666666664, 3.5666666666666664, 3.85, 3.85, 4.283333333333333, 4.283333333333333, 3.1666666666666665, 3.1666666666666665, 2.433333333333333, 2.433333333333333, 4.25, 4.25, 4.066666666666666, 4.066666666666666, 1100, 14.772614456498092]",8.829824888155143,-1.0116889966951284
23,0.4800000000000001,1.0,explore,3.6647940256705054,"[9, 6, 9, 3, 8, 3, 6, 9, 3, 4, 66977.82831156717, 2499933022.1716886, 66977.82831156717, 2499933022.1716886, 66977.82831156717, 2499933022.1716886, 66977.82831156717, 2499933022.1716886, 66977.82831156717, 2499933022.1716886, 66977.82831156717, 2499933022.1716886, 66977.82831156717, 2499933022.1716886, 66977.82831156717, 2499933022.1716886, 66977.82831156717, 2499933022.1716886, 66977.82831156717, 2499933022.1716886, 17.0, 17.0, 20.2, 20.2, 25.6, 25.6, 26.0, 26.0, 25.7, 25.7, 25.4, 25.4, 25.1, 25.1, 20.9, 20.9, 26.0, 26.0, 25.8, 25.8, 1100, 0.0]",9.897649588853962,-58.50407978782548
24,0.64,1.0,explore,3.265011025655037,"[4, 7, 3, 5, 6, 4, 3, 6, 9, 8, 55325.565065298506, 2499944674.4349346, 55325.565065298506, 2499944674.4349346, 55325.565065298506, 2499944674.4349346, 55325.565065298506, 2499944674.4349346, 55325.565065298506, 2499944674.4349346, 55325.565065298506, 2499944674.4349346, 55325.565065298506, 2499944674.4349346, 55325.565065298506, 2499944674.4349346, 55325.565065298506, 2499944674.4349346, 55325.565065298506, 2499944674.4349346, 2.0, 2.0, 2.125, 2.125, 2.0083333333333333, 2.0083333333333333, 1.6833333333333333, 1.6833333333333333, 2.1166666666666667, 2.1166666666666667, 2.1416666666666666, 2.1416666666666666, 2.033333333333333, 2.033333333333333, 1.1583333333333334, 1.1583333333333334, 1.5583333333333333, 1.5583333333333333, 2.1083333333333334, 2.1083333333333334, 900, 8.371752074219035]",11.497808031370628,-0.3984842309933935
25,0.4,1.0,explore,1.7101547897917264,"[4, 3, 8, 6, 6, 7, 5, 6, 6, 10, 66977.82831156717, 2499933022.1716886, 66977.82831156717, 2499933022.1716886, 66977.82831156717, 2499933022.1716886, 66977.82831156717, 2499933022.1716886, 66977.82831156717, 2499933022.1716886, 66977.82831156717, 2499933022.1716886, 66977.82831156717, 2499933022.1716886, 66977.82831156717, 2499933022.1716886, 66977.82831156717, 2499933022.1716886, 66977.82831156717, 2499933022.1716886, 10.8, 10.8, 25.7, 25.7, 22.8, 22.8, 25.3, 25.3, 24.3, 24.3, 25.7, 25.7, 19.7, 19.7, 23.8, 23.8, 23.9, 23.9, 23.4, 23.4, 1000, 0.0]",11.765465695199195,-17.40039830050418
26,0.52,1.0,explore,6.634130075963742,"[8, 3, 5, 2, 6, 8, 10, 4, 10, 7, 44650.10628731343, 2499955349.8937125, 44650.10628731343, 2499955349.8937125, 44650.10628731343, 2499955349.8937125, 44650.10628731343, 2499955349.8937125, 44650.10628731343, 2499955349.8937125, 44650.10628731343, 2499955349.8937125, 44650.10628731343, 2499955349.8937125, 44650.10628731343, 2499955349.8937125, 44650.10628731343, 2499955349.8937125, 44650.10628731343, 2499955349.8937125, 3.6, 3.6, 5.2, 5.2, 3.7, 3.7, 4.2, 4.2, 4.86, 4.86, 4.5200000000000005, 4.5200000000000005, 4.86, 4.86, 4.68, 4.68, 5.14, 5.14, 5.16, 5.16, 1100, 11.506196377350532]",12.951649027344564,-5.1450759761409195
27,0.62,1.0,explore,1.9365463083717405,"[1, 9, 5, 10, 4, 1, 10, 2, 1, 8, 55808.62957089552, 2499944191.370429, 55808.62957089552, 2499944191.370429, 55808.62957089552, 2499944191.370429, 55808.62957089552, 2499944191.370429, 55808.62957089552, 2499944191.370429, 55808.62957089552, 2499944191.370429, 55808.62957089552, 2499944191.370429, 55808.62957089552, 2499944191.370429, 55808.62957089552, 2499944191.370429, 55808.62957089552, 2499944191.370429, 3.175, 3.175, 3.0, 3.0, 3.1875, 3.1875, 2.9125, 2.9125, 3.05, 3.05, 2.775, 2.775, 3.175, 3.175, 3.1625, 3.1625, 3.3125, 3.3125, 2.325, 2.325, 1100, 12.720146780644155]",11.905197346448064,-0.251864941892108
28,0.5,1.0,explore,5.272689808982823,"[8, 6, 5, 7, 1, 3, 9, 3, 1, 10, 55829.98045708955, 2499944170.0195427, 55829.98045708955, 2499944170.0195427, 55829.98045708955, 2499944170.0195427, 55829.98045708955, 2499944170.0195427, 55829.98045708955, 2499944170.0195427, 55829.98045708955, 2499944170.0195427, 55829.98045708955, 2499944170.0195427, 55829.98045708955, 2499944170.0195427, 55829.98045708955, 2499944170.0195427, 55829.98045708955, 2499944170.0195427, 4.0, 4.0, 2.3666666666666667, 2.3666666666666667, 3.75, 3.75, 3.216666666666667, 3.216666666666667, 4.05, 4.05, 4.166666666666667, 4.166666666666667, 3.4, 3.4, 4.2, 4.2, 4.233333333333333, 4.233333333333333, 3.533333333333333, 3.533333333333333, 1000, 14.143596614504073]",9.509796086304956,-58.027342618719025
29,0.48,1.0,explore,3.4432309226459905,"[2, 5, 8, 3, 6, 2, 6, 2, 10, 1, 44647.43742070895, 2499955352.562579, 44647.43742070895, 2499955352.562579, 44647.43742070895, 2499955352.562579, 44647.43742070895, 2499955352.562579, 44647.43742070895, 2499955352.562579, 44647.43742070895, 2499955352.562579, 44647.43742070895, 2499955352.562579, 44647.43742070895, 2499955352.562579, 44647.43742070895, 2499955352.562579, 44647.43742070895, 2499955352.562579, 4.166666666666667, 4.166666666666667, 3.9166666666666665, 3.9166666666666665, 3.3666666666666667, 3.3666666666666667, 4.016666666666667, 4.016666666666667, 3.9, 3.9, 4.316666666666666, 4.316666666666666, 3.5666666666666664, 3.5666666666666664, 4.25, 4.25, 3.5666666666666664, 3.5666666666666664, 4.016666666666667, 4.016666666666667, 1000, 6.204047222498432]",13.765445860636495,-26.27250885233007
30,0.5,1.0,explore,3.8434518112486544,"[4, 7, 7, 7, 6, 10, 6, 10, 2, 5, 44658.11288246269, 2499955341.8871174, 44658.11288246269, 2499955341.8871174, 44658.11288246269, 2499955341.8871174, 44658.11288246269, 2499955341.8871174, 44658.11288246269, 2499955341.8871174, 44658.11288246269, 2499955341.8871174, 44658.11288246269, 2499955341.8871174, 44658.11288246269, 2499955341.8871174, 44658.11288246269, 2499955341.8871174, 44658.11288246269, 2499955341.8871174, 2.088888888888889, 2.088888888888889, 2.822222222222222, 2.822222222222222, 2.8444444444444446, 2.8444444444444446, 2.8333333333333335, 2.8333333333333335, 2.6333333333333333, 2.6333333333333333, 2.933333333333333, 2.933333333333333, 1.6222222222222222, 1.6222222222222222, 2.8666666666666667, 2.8666666666666667, 1.5777777777777777, 1.5777777777777777, 2.2777777777777777, 2.2777777777777777, 1100, 9.746611978357341]",14.165566315647663,-9.968921967653916
31,0.5,1.0,explore,6.278141480400583,"[1, 8, 1, 10, 10, 4, 5, 6, 1, 1, 66999.17919776119, 2499933000.820802, 66999.17919776119, 2499933000.820802, 66999.17919776119, 2499933000.820802, 66999.17919776119, 2499933000.820802, 66999.17919776119, 2499933000.820802, 66999.17919776119, 2499933000.820802, 66999.17919776119, 2499933000.820802, 66999.17919776119, 2499933000.820802, 66999.17919776119, 2499933000.820802, 66999.17919776119, 2499933000.820802, 3.1, 3.1, 2.642857142857143, 2.642857142857143, 2.642857142857143, 2.642857142857143, 2.6571428571428575, 2.6571428571428575, 2.9285714285714284, 2.9285714285714284, 3.6, 3.6, 3.5142857142857147, 3.5142857142857147, 2.8428571428571425, 2.8428571428571425, 3.4285714285714284, 3.4285714285714284, 3.4285714285714284, 3.4285714285714284, 1100, 11.01112807917665]",12.417646443017277,-24.58246720401934
32,0.6200000000000001,1.0,explore,1.0945912221083056,"[8, 10, 10, 6, 2, 1, 3, 3, 9, 1, 66977.82831156717, 2499933022.1716886, 66977.82831156717, 2499933022.1716886, 66977.82831156717, 2499933022.1716886, 66977.82831156717, 2499933022.1716886, 66977.82831156717, 2499933022.1716886, 66977.82831156717, 2499933022.1716886, 66977.82831156717, 2499933022.1716886, 66977.82831156717, 2499933022.1716886, 66977.82831156717, 2499933022.1716886, 66977.82831156717, 2499933022.1716886, 3.6999999999999997, 3.6999999999999997, 4.233333333333333, 4.233333333333333, 4.283333333333333, 4.283333333333333, 4.1000000000000005, 4.1000000000000005, 4.133333333333334, 4.133333333333334, 4.333333333333333, 4.333333333333333, 4.3, 4.3, 4.3500000000000005, 4.3500000000000005, 3.466666666666667, 3.466666666666667, 3.4166666666666665, 3.4166666666666665, 900, 12.191828713528718]",9.242219647025825,-2.6024960667460215
33,0.56,1.0,explore,1.662555997364476,"[6, 8, 1, 7, 9, 2, 10, 6, 10, 6, 55808.62957089552, 2499944191.370429, 55808.62957089552, 2499944191.370429, 55808.62957089552, 2499944191.370429, 55808.62957089552, 2499944191.370429, 55808.62957089552, 2499944191.370429, 55808.62957089552, 2499944191.370429, 55808.62957089552, 2499944191.370429, 55808.62957089552, 2499944191.370429, 55808.62957089552, 2499944191.370429, 55808.62957089552, 2499944191.370429, 3.9, 3.9, 3.4, 3.4, 3.5666666666666664, 3.5666666666666664, 4.333333333333333, 4.333333333333333, 4.266666666666667, 4.266666666666667, 3.5, 3.5, 4.233333333333333, 4.233333333333333, 3.1333333333333333, 3.1333333333333333, 4.033333333333333, 4.033333333333333, 4.233333333333333, 4.233333333333333, 1100, 11.242853571715093]",11.89408914625049,-52.013956004728165
34,0.4600000000000001,1.0,explore,2.0004061181234545,"[10, 4, 6, 9, 4, 7, 7, 5, 1, 10, 55829.98045708955, 2499944170.0195427, 55829.98045708955, 2499944170.0195427, 55829.98045708955, 2499944170.0195427, 55829.98045708955, 2499944170.0195427, 55829.98045708955, 2499944170.0195427, 55829.98045708955, 2499944170.0195427, 55829.98045708955, 2499944170.0195427, 55829.98045708955, 2499944170.0195427, 55829.98045708955, 2499944170.0195427, 55829.98045708955, 2499944170.0195427, 2.05, 2.05, 1.9100000000000001, 1.9100000000000001, 2.1399999999999997, 2.1399999999999997, 1.8, 1.8, 2.57, 2.57, 2.19, 2.19, 2.34, 2.34, 2.12, 2.12, 2.09, 2.09, 2.33, 2.33, 1100, 12.753937134105321]",14.144003119482841,-7.413921657711533
35,0.5599999999999999,1.0,explore,3.088079878137112,"[2, 5, 3, 5, 10, 10, 3, 4, 10, 2, 55816.63614738805, 2499944183.3638525, 55816.63614738805, 2499944183.3638525, 55816.63614738805, 2499944183.3638525, 55816.63614738805, 2499944183.3638525, 55816.63614738805, 2499944183.3638525, 55816.63614738805, 2499944183.3638525, 55816.63614738805, 2499944183.3638525, 55816.63614738805, 2499944183.3638525, 55816.63614738805, 2499944183.3638525, 55816.63614738805, 2499944183.3638525, 2.8000000000000003, 2.8000000000000003, 2.7285714285714286, 2.7285714285714286, 3.5142857142857147, 3.5142857142857147, 2.9285714285714284, 2.9285714285714284, 3.5142857142857147, 3.5142857142857147, 2.8000000000000003, 2.8000000000000003, 3.3285714285714287, 3.3285714285714287, 3.357142857142857, 3.357142857142857, 2.914285714285714, 2.914285714285714, 3.7142857142857144, 3.7142857142857144, 900, 8.11517648364151]",13.232393397991661,-2.3190009796013835
36,0.5599999999999999,1.0,explore,5.307407088778726,"[8, 3, 9, 4, 4, 8, 1, 5, 1, 8, 55829.98045708955, 2499944170.0195427, 55829.98045708955, 2499944170.0195427, 55829.98045708955, 2499944170.0195427, 55829.98045708955, 2499944170.0195427, 55829.98045708955, 2499944170.0195427, 55829.98045708955, 2499944170.0195427, 55829.98045708955, 2499944170.0195427, 55829.98045708955, 2499944170.0195427, 55829.98045708955, 2499944170.0195427, 55829.98045708955, 2499944170.0195427, 3.642857142857143, 3.642857142857143, 2.9714285714285715, 2.9714285714285715, 3.3857142857142857, 3.3857142857142857, 3.3857142857142857, 3.3857142857142857, 3.6142857142857143, 3.6142857142857143, 3.6714285714285713, 3.6714285714285713, 1.9285714285714286, 1.9285714285714286, 3.6285714285714286, 3.6285714285714286, 3.5285714285714285, 3.5285714285714285, 3.4, 3.4, 900, 15.691874829634356]",11.36174920918048,-1.4721687228406461
37,0.58,1.0,explore,6.301290017351842,"[10, 3, 4, 4, 6, 2, 6, 9, 5, 2, 55808.62957089552, 2499944191.370429, 55808.62957089552, 2499944191.370429, 55808.62957089552, 2499944191.370429, 55808.62957089552, 2499944191.370429, 55808.62957089552, 2499944191.370429, 55808.62957089552, 2499944191.370429, 55808.62957089552, 2499944191.370429, 55808.62957089552, 2499944191.370429, 55808.62957089552, 2499944191.370429, 55808.62957089552, 2499944191.370429, 4.283333333333333, 4.283333333333333, 3.9166666666666665, 3.9166666666666665, 4.283333333333333, 4.283333333333333, 4.0, 4.0, 3.5500000000000003, 3.5500000000000003, 2.466666666666667, 2.466666666666667, 2.766666666666667, 2.766666666666667, 3.483333333333333, 3.483333333333333, 4.333333333333333, 4.333333333333333, 3.1, 3.1, 1000, 12.52773063083865]",12.529108662034538,-7.149310828405851
38,0.5199999999999999,1.0,explore,5.042696477362112,"[4, 4, 6, 5, 3, 8, 4, 1, 5, 6, 55829.98045708955, 2499944170.0195427, 55829.98045708955, 2499944170.0195427, 55829.98045708955, 2499944170.0195427, 55829.98045708955, 2499944170.0195427, 55829.98045708955, 2499944170.0195427, 55829.98045708955, 2499944170.0195427, 55829.98045708955, 2499944170.0195427, 55829.98045708955, 2499944170.0195427, 55829.98045708955, 2499944170.0195427, 55829.98045708955, 2499944170.0195427, 12.1, 12.1, 23.9, 23.9, 25.4, 25.4, 18.4, 18.4, 18.4, 18.4, 19.4, 19.4, 17.9, 17.9, 23.4, 23.4, 20.2, 20.2, 25.4, 25.4, 1000, 0.0]",11.36450697764058,-28.319673647674144
39,0.48,1.0,explore,4.3033639882067245,"[8, 8, 1, 1, 2, 3, 3, 10, 7, 6, 55808.62957089552, 2499944191.370429, 55808.62957089552, 2499944191.370429, 55808.62957089552, 2499944191.370429, 55808.62957089552, 2499944191.370429, 55808.62957089552, 2499944191.370429, 55808.62957089552, 2499944191.370429, 55808.62957089552, 2499944191.370429, 55808.62957089552, 2499944191.370429, 55808.62957089552, 2499944191.370429, 55808.62957089552, 2499944191.370429, 4.183333333333334, 4.183333333333334, 4.333333333333333, 4.333333333333333, 3.1666666666666665, 3.1666666666666665, 4.433333333333334, 4.433333333333334, 4.133333333333334, 4.133333333333334, 1.4383333333333335, 1.4383333333333335, 4.2, 4.2, 3.8000000000000003, 3.8000000000000003, 4.366666666666666, 4.366666666666666, 2.25, 2.25, 900, 10.27443736283236]",12.455605529760993,-59.35260586328727
40,0.32,1.0,explore,5.486229829909599,"[9, 7, 3, 2, 7, 10, 2, 6, 6, 1, 55819.30503731343, 2499944180.6949625, 55819.30503731343, 2499944180.6949625, 55819.30503731343, 2499944180.6949625, 55819.30503731343, 2499944180.6949625, 55819.30503731343, 2499944180.6949625, 55819.30503731343, 2499944180.6949625, 55819.30503731343, 2499944180.6949625, 55819.30503731343, 2499944180.6949625, 55819.30503731343, 2499944180.6949625, 55819.30503731343, 2499944180.6949625, 3.042857142857143, 3.042857142857143, 3.7142857142857144, 3.7142857142857144, 2.5714285714285716, 2.5714285714285716, 3.7142857142857144, 3.7142857142857144, 3.457142857142857, 3.457142857142857, 1.542857142857143, 1.542857142857143, 2.914285714285714, 2.914285714285714, 3.5142857142857147, 3.5142857142857147, 3.457142857142857, 3.457142857142857, 3.3857142857142857, 3.3857142857142857, 1100, 12.228949272068325]",9.629623329230077,-70.30742115871305
41,0.5,1.0,explore,5.09576244221345,"[5, 7, 7, 5, 8, 7, 9, 8, 4, 6, 44658.11288246269, 2499955341.8871174, 44658.11288246269, 2499955341.8871174, 44658.11288246269, 2499955341.8871174, 44658.11288246269, 2499955341.8871174, 44658.11288246269, 2499955341.8871174, 44658.11288246269, 2499955341.8871174, 44658.11288246269, 2499955341.8871174, 44658.11288246269, 2499955341.8871174, 44658.11288246269, 2499955341.8871174, 44658.11288246269, 2499955341.8871174, 3.685714285714286, 3.685714285714286, 1.9285714285714286, 1.9285714285714286, 2.814285714285714, 2.814285714285714, 3.5142857142857147, 3.5142857142857147, 2.557142857142857, 2.557142857142857, 3.6714285714285713, 3.6714285714285713, 2.914285714285714, 2.914285714285714, 3.5714285714285716, 3.5714285714285716, 2.8857142857142857, 2.8857142857142857, 3.0, 3.0, 1100, 7.938885389733308]",11.244032583295791,-1.9665257471132305
42,0.48,1.0,explore,4.285466993439894,"[1, 9, 6, 9, 2, 5, 1, 2, 9, 4, 55819.30503731343, 2499944180.6949625, 55819.30503731343, 2499944180.6949625, 55819.30503731343, 2499944180.6949625, 55819.30503731343, 2499944180.6949625, 55819.30503731343, 2499944180.6949625, 55819.30503731343, 2499944180.6949625, 55819.30503731343, 2499944180.6949625, 55819.30503731343, 2499944180.6949625, 55819.30503731343, 2499944180.6949625, 55819.30503731343, 2499944180.6949625, 5.975, 5.975, 4.15, 4.15, 6.45, 6.45, 3.025, 3.025, 5.125, 5.125, 6.05, 6.05, 6.375, 6.375, 5.7, 5.7, 5.85, 5.85, 3.375, 3.375, 1000, 9.217259366994774]",10.428691822478156,-6.063161455990894
43,0.5800000000000001,1.0,explore,5.03614066907304,"[5, 7, 8, 6, 7, 3, 2, 1, 6, 7, 66985.8348880597, 2499933014.165112, 66985.8348880597, 2499933014.165112, 66985.8348880597, 2499933014.165112, 66985.8348880597, 2499933014.165112, 66985.8348880597, 2499933014.165112, 66985.8348880597, 2499933014.165112, 66985.8348880597, 2499933014.165112, 66985.8348880597, 2499933014.165112, 66985.8348880597, 2499933014.165112, 66985.8348880597, 2499933014.165112, 3.966666666666667, 3.966666666666667, 3.716666666666667, 3.716666666666667, 4.183333333333334, 4.183333333333334, 3.1, 3.1, 4.066666666666666, 4.066666666666666, 4.25, 4.25, 3.4166666666666665, 3.4166666666666665, 4.033333333333333, 4.033333333333333, 4.3999999999999995, 4.3999999999999995, 4.216666666666667, 4.216666666666667, 1000, 13.046598076724269]",13.354590782854462,-19.31137508105195
44,0.45999999999999996,1.0,explore,4.0223972023117485,"[5, 7, 7, 5, 8, 7, 9, 8, 4, 6, 55827.31161380596, 2499944172.688386, 55827.31161380596, 2499944172.688386, 55827.31161380596, 2499944172.688386, 55827.31161380596, 2499944172.688386, 55827.31161380596, 2499944172.688386, 55827.31161380596, 2499944172.688386, 55827.31161380596, 2499944172.688386, 55827.31161380596, 2499944172.688386, 55827.31161380596, 2499944172.688386, 55827.31161380596, 2499944172.688386, 25.4, 25.4, 25.5, 25.5, 25.3, 25.3, 19.0, 19.0, 22.8, 22.8, 19.4, 19.4, 18.0, 18.0, 26.6, 26.6, 26.0, 26.0, 25.1, 25.1, 1100, 0.0]",10.434031763687234,-58.04503008488748
45,0.5399999999999999,1.0,explore,3.307668060252676,"[9, 7, 3, 2, 7, 10, 2, 6, 6, 1, 44647.43742070895, 2499955352.562579, 44647.43742070895, 2499955352.562579, 44647.43742070895, 2499955352.562579, 44647.43742070895, 2499955352.562579, 44647.43742070895, 2499955352.562579, 44647.43742070895, 2499955352.562579, 44647.43742070895, 2499955352.562579, 44647.43742070895, 2499955352.562579, 44647.43742070895, 2499955352.562579, 44647.43742070895, 2499955352.562579, 3.457142857142857, 3.457142857142857, 2.5285714285714285, 2.5285714285714285, 3.642857142857143, 3.642857142857143, 3.742857142857143, 3.742857142857143, 2.6571428571428575, 2.6571428571428575, 3.7142857142857144, 3.7142857142857144, 3.185714285714286, 3.185714285714286, 2.8428571428571425, 2.8428571428571425, 3.642857142857143, 3.642857142857143, 2.757142857142857, 2.757142857142857, 1000, 11.708459874071005]",9.361835199740861,-57.82781653526904
46,0.48,1.0,explore,3.221548719750431,"[2, 8, 8, 4, 5, 4, 3, 5, 6, 3, 55813.96730410447, 2499944186.032696, 55813.96730410447, 2499944186.032696, 55813.96730410447, 2499944186.032696, 55813.96730410447, 2499944186.032696, 55813.96730410447, 2499944186.032696, 55813.96730410447, 2499944186.032696, 55813.96730410447, 2499944186.032696, 55813.96730410447, 2499944186.032696, 55813.96730410447, 2499944186.032696, 55813.96730410447, 2499944186.032696, 1.8727272727272728, 1.8727272727272728, 2.290909090909091, 2.290909090909091, 2.118181818181818, 2.118181818181818, 1.3454545454545455, 1.3454545454545455, 1.3454545454545455, 1.3454545454545455, 2.227272727272727, 2.227272727272727, 2.1999999999999997, 2.1999999999999997, 2.290909090909091, 2.290909090909091, 1.2272727272727273, 1.2272727272727273, 1.9454545454545453, 1.9454545454545453, 900, 8.428774284663124]",9.63278342175331,-5.96602495110066
47,0.48,1.0,explore,4.464171201136994,"[6, 2, 7, 9, 8, 6, 3, 8, 4, 3, 55840.65592350747, 2499944159.3440766, 55840.65592350747, 2499944159.3440766, 55840.65592350747, 2499944159.3440766, 55840.65592350747, 2499944159.3440766, 55840.65592350747, 2499944159.3440766, 55840.65592350747, 2499944159.3440766, 55840.65592350747, 2499944159.3440766, 55840.65592350747, 2499944159.3440766, 55840.65592350747, 2499944159.3440766, 55840.65592350747, 2499944159.3440766, 25.3, 25.3, 24.2, 24.2, 26.5, 26.5, 19.5, 19.5, 25.5, 25.5, 25.7, 25.7, 20.8, 20.8, 25.8, 25.8, 24.0, 24.0, 13.9, 13.9, 1000, 0.0]",8.696721150479569,-6.369798409116571
48,0.4600000000000001,1.0,explore,4.465448319389116,"[10, 2, 6, 6, 3, 8, 10, 2, 10, 4, 45119.826473880596, 2499954880.1735263, 45119.826473880596, 2499954880.1735263, 45119.826473880596, 2499954880.1735263, 45119.826473880596, 2499954880.1735263, 45119.826473880596, 2499954880.1735263, 45119.826473880596, 2499954880.1735263, 45119.826473880596, 2499954880.1735263, 45119.826473880596, 2499954880.1735263, 45119.826473880596, 2499954880.1735263, 45119.826473880596, 2499954880.1735263, 3.3285714285714287, 3.3285714285714287, 2.6571428571428575, 2.6571428571428575, 1.7285714285714284, 1.7285714285714284, 3.0285714285714285, 3.0285714285714285, 2.9285714285714284, 2.9285714285714284, 3.4285714285714284, 3.4285714285714284, 3.1714285714285713, 3.1714285714285713, 2.3714285714285714, 2.3714285714285714, 2.9714285714285715, 2.9714285714285715, 3.7142857142857144, 3.7142857142857144, 1100, 11.93394874110155]",12.69866007813518,-1.4187296560376972
49,0.52,1.0,explore,5.4530811060782,"[8, 3, 1, 5, 4, 10, 1, 3, 4, 3, 66972.4905783582, 2499933027.509422, 66972.4905783582, 2499933027.509422, 66972.4905783582, 2499933027.509422, 66972.4905783582, 2499933027.509422, 66972.4905783582, 2499933027.509422, 66972.4905783582, 2499933027.509422, 66972.4905783582, 2499933027.509422, 66972.4905783582, 2499933027.509422, 66972.4905783582, 2499933027.509422, 66972.4905783582, 2499933027.509422, 25.8, 25.8, 19.1, 19.1, 23.3, 23.3, 12.1, 12.1, 21.4, 21.4, 24.0, 24.0, 25.1, 25.1, 20.2, 20.2, 22.2, 22.2, 25.2, 25.2, 1000, 0.0]",9.780048162476154,-57.93597860842361
50,0.38,1.0,explore,7.263206916829043,"[6, 3, 9, 6, 10, 7, 1, 8, 6, 2, 55840.65592350747, 2499944159.3440766, 55840.65592350747, 2499944159.3440766, 55840.65592350747, 2499944159.3440766, 55840.65592350747, 2499944159.3440766, 55840.65592350747, 2499944159.3440766, 55840.65592350747, 2499944159.3440766, 55840.65592350747, 2499944159.3440766, 55840.65592350747, 2499944159.3440766, 55840.65592350747, 2499944159.3440766, 55840.65592350747, 2499944159.3440766, 3.742857142857143, 3.742857142857143, 3.642857142857143, 3.642857142857143, 3.5142857142857147, 3.5142857142857147, 3.4714285714285715, 3.4714285714285715, 2.6571428571428575, 2.6571428571428575, 3.7285714285714286, 3.7285714285714286, 3.757142857142857, 3.757142857142857, 2.9285714285714284, 2.9285714285714284, 3.7142857142857144, 3.7142857142857144, 3.0, 3.0, 1000, 10.82897293198742]",11.49557484421257,-27.797968720666216
51,0.5,1.0,explore,6.243063048313004,"[8, 3, 5, 2, 6, 8, 10, 4, 10, 7, 55827.31161380596, 2499944172.688386, 55827.31161380596, 2499944172.688386, 55827.31161380596, 2499944172.688386, 55827.31161380596, 2499944172.688386, 55827.31161380596, 2499944172.688386, 55827.31161380596, 2499944172.688386, 55827.31161380596, 2499944172.688386, 55827.31161380596, 2499944172.688386, 55827.31161380596, 2499944172.688386, 55827.31161380596, 2499944172.688386, 25.5, 25.5, 25.5, 25.5, 23.2, 23.2, 17.7, 17.7, 25.3, 25.3, 24.2, 24.2, 25.7, 25.7, 26.0, 26.0, 24.0, 24.0, 25.6, 25.6, 900, 0.0]",12.564893749440326,-65.70894418224988
52,0.44000000000000006,1.0,explore,2.5159113523113605,"[4, 7, 8, 5, 2, 4, 3, 3, 9, 10, 55813.96730410447, 2499944186.032696, 55813.96730410447, 2499944186.032696, 55813.96730410447, 2499944186.032696, 55813.96730410447, 2499944186.032696, 55813.96730410447, 2499944186.032696, 55813.96730410447, 2499944186.032696, 55813.96730410447, 2499944186.032696, 55813.96730410447, 2499944186.032696, 55813.96730410447, 2499944186.032696, 55813.96730410447, 2499944186.032696, 1.6444444444444446, 1.6444444444444446, 2.888888888888889, 2.888888888888889, 2.8555555555555556, 2.8555555555555556, 2.888888888888889, 2.888888888888889, 2.6888888888888887, 2.6888888888888887, 2.611111111111111, 2.611111111111111, 2.2, 2.2, 2.3777777777777778, 2.3777777777777778, 2.611111111111111, 2.611111111111111, 2.8, 2.8, 1100, 8.309651122982034]",12.574240042562364,-8.416263305907897
53,0.52,1.0,explore,5.978412821163109,"[10, 10, 5, 10, 2, 3, 9, 5, 4, 7, 55805.96068097015, 2499944194.039319, 55805.96068097015, 2499944194.039319, 55805.96068097015, 2499944194.039319, 55805.96068097015, 2499944194.039319, 55805.96068097015, 2499944194.039319, 55805.96068097015, 2499944194.039319, 55805.96068097015, 2499944194.039319, 55805.96068097015, 2499944194.039319, 55805.96068097015, 2499944194.039319, 55805.96068097015, 2499944194.039319, 3.483333333333333, 3.483333333333333, 4.283333333333333, 4.283333333333333, 4.016666666666667, 4.016666666666667, 4.333333333333333, 4.333333333333333, 3.5666666666666664, 3.5666666666666664, 4.3999999999999995, 4.3999999999999995, 3.8000000000000003, 3.8000000000000003, 4.333333333333333, 4.333333333333333, 4.166666666666667, 4.166666666666667, 4.033333333333333, 4.033333333333333, 1000, 4.310716050246387]",10.568181459541965,-56.927132984504055
54,0.4,1.0,explore,3.840939875472121,"[4, 9, 6, 10, 4, 7, 2, 1, 10, 8, 55819.30503731343, 2499944180.6949625, 55819.30503731343, 2499944180.6949625, 55819.30503731343, 2499944180.6949625, 55819.30503731343, 2499944180.6949625, 55819.30503731343, 2499944180.6949625, 55819.30503731343, 2499944180.6949625, 55819.30503731343, 2499944180.6949625, 55819.30503731343, 2499944180.6949625, 55819.30503731343, 2499944180.6949625, 55819.30503731343, 2499944180.6949625, 4.133333333333334, 4.133333333333334, 3.1, 3.1, 3.8000000000000003, 3.8000000000000003, 3.533333333333333, 3.533333333333333, 2.466666666666667, 2.466666666666667, 4.25, 4.25, 3.3666666666666667, 3.3666666666666667, 4.0, 4.0, 4.033333333333333, 4.033333333333333, 4.366666666666666, 4.366666666666666, 900, 10.61922168514249]",10.161794604024433,-59.85017849867044
55,0.32,1.0,explore,7.315058027805915,"[4, 6, 3, 5, 2, 4, 1, 7, 7, 6, 67597.00489738806, 2499932402.9951024, 67597.00489738806, 2499932402.9951024, 67597.00489738806, 2499932402.9951024, 67597.00489738806, 2499932402.9951024, 67597.00489738806, 2499932402.9951024, 67597.00489738806, 2499932402.9951024, 67597.00489738806, 2499932402.9951024, 67597.00489738806, 2499932402.9951024, 67597.00489738806, 2499932402.9951024, 67597.00489738806, 2499932402.9951024, 4.86, 4.86, 5.26, 5.26, 2.7, 2.7, 4.12, 4.12, 5.08, 5.08, 3.8, 3.8, 5.08, 5.08, 4.279999999999999, 4.279999999999999, 4.84, 4.84, 4.86, 4.86, 900, 9.331616642472769]",13.37312678801543,-15.086797982220718
56,0.5800000000000001,1.0,explore,4.456598414212644,"[4, 8, 4, 10, 4, 8, 8, 9, 3, 6, 55813.96730410447, 2499944186.032696, 55813.96730410447, 2499944186.032696, 55813.96730410447, 2499944186.032696, 55813.96730410447, 2499944186.032696, 55813.96730410447, 2499944186.032696, 55813.96730410447, 2499944186.032696, 55813.96730410447, 2499944186.032696, 55813.96730410447, 2499944186.032696, 55813.96730410447, 2499944186.032696, 55813.96730410447, 2499944186.032696, 2.8285714285714287, 2.8285714285714287, 2.8000000000000003, 2.8000000000000003, 3.6571428571428575, 3.6571428571428575, 3.7142857142857144, 3.7142857142857144, 3.4714285714285715, 3.4714285714285715, 3.7142857142857144, 3.7142857142857144, 3.1, 3.1, 3.4714285714285715, 3.4714285714285715, 3.7142857142857144, 3.7142857142857144, 2.1142857142857143, 2.1142857142857143, 1000, 8.891744093796337]",8.685407624202561,-2.610111323418612
57,0.56,1.0,explore,4.2761689166849255,"[9, 4, 3, 8, 8, 5, 9, 8, 8, 5, 44658.11288246269, 2499955341.8871174, 44658.11288246269, 2499955341.8871174, 44658.11288246269, 2499955341.8871174, 44658.11288246269, 2499955341.8871174, 44658.11288246269, 2499955341.8871174, 44658.11288246269, 2499955341.8871174, 44658.11288246269, 2499955341.8871174, 44658.11288246269, 2499955341.8871174, 44658.11288246269, 2499955341.8871174, 44658.11288246269, 2499955341.8871174, 4.0, 4.0, 2.466666666666667, 2.466666666666667, 4.083333333333333, 4.083333333333333, 4.216666666666667, 4.216666666666667, 3.5500000000000003, 3.5500000000000003, 3.0666666666666664, 3.0666666666666664, 4.3999999999999995, 4.3999999999999995, 4.0, 4.0, 4.166666666666667, 4.166666666666667, 3.483333333333333, 3.483333333333333, 900, 6.720099451858727]",10.415394622996917,-4.005757247666598
58,0.54,1.0,explore,6.208692876744494,"[5, 10, 4, 9, 6, 1, 3, 9, 2, 6, 44652.7751539179, 2499955347.224846, 44652.7751539179, 2499955347.224846, 44652.7751539179, 2499955347.224846, 44652.7751539179, 2499955347.224846, 44652.7751539179, 2499955347.224846, 44652.7751539179, 2499955347.224846, 44652.7751539179, 2499955347.224846, 44652.7751539179, 2499955347.224846, 44652.7751539179, 2499955347.224846, 44652.7751539179, 2499955347.224846, 2.375, 2.375, 2.125, 2.125, 2.2125, 2.2125, 2.5625, 2.5625, 2.525, 2.525, 2.425, 2.425, 2.2375, 2.2375, 2.5625, 2.5625, 3.175, 3.175, 2.375, 2.375, 900, 10.278261486729393]",12.35267788177445,-68.94765700417038
59,0.58,1.0,explore,3.222044814271173,"[2, 5, 8, 3, 6, 2, 6, 2, 10, 1, 55819.30503731343, 2499944180.6949625, 55819.30503731343, 2499944180.6949625, 55819.30503731343, 2499944180.6949625, 55819.30503731343, 2499944180.6949625, 55819.30503731343, 2499944180.6949625, 55819.30503731343, 2499944180.6949625, 55819.30503731343, 2499944180.6949625, 55819.30503731343, 2499944180.6949625, 55819.30503731343, 2499944180.6949625, 55819.30503731343, 2499944180.6949625, 3.8666666666666667, 3.8666666666666667, 2.9499999999999997, 2.9499999999999997, 2.466666666666667, 2.466666666666667, 4.433333333333334, 4.433333333333334, 4.133333333333334, 4.133333333333334, 3.5666666666666664, 3.5666666666666664, 3.4166666666666665, 3.4166666666666665, 3.216666666666667, 3.216666666666667, 3.9, 3.9, 3.1333333333333333, 3.1333333333333333, 1100, 8.43434593280269]",9.633458842124268,-2.9439160831699467
60,0.42000000000000004,1.0,explore,10.420414450776784,"[2, 3, 8, 6, 8, 9, 2, 5, 6, 9, 55829.98045708955, 2499944170.0195427, 55829.98045708955, 2499944170.0195427, 55829.98045708955, 2499944170.0195427, 55829.98045708955, 2499944170.0195427, 55829.98045708955, 2499944170.0195427, 55829.98045708955, 2499944170.0195427, 55829.98045708955, 2499944170.0195427, 55829.98045708955, 2499944170.0195427, 55829.98045708955, 2499944170.0195427, 55829.98045708955, 2499944170.0195427, 18.0, 18.0, 14.8, 14.8, 25.4, 25.4, 26.5, 26.5, 26.0, 26.0, 22.3, 22.3, 17.7, 17.7, 14.6, 14.6, 17.9, 17.9, 20.5, 20.5, 1000, 0.0]",14.830965565823368,-35.07488157387891
61,0.54,1.0,explore,4.474659381010581,"[3, 9, 6, 7, 5, 10, 2, 2, 10, 7, 55808.62957089552, 2499944191.370429, 55808.62957089552, 2499944191.370429, 55808.62957089552, 2499944191.370429, 55808.62957089552, 2499944191.370429, 55808.62957089552, 2499944191.370429, 55808.62957089552, 2499944191.370429, 55808.62957089552, 2499944191.370429, 55808.62957089552, 2499944191.370429, 55808.62957089552, 2499944191.370429, 55808.62957089552, 2499944191.370429, 25.0, 25.0, 25.5, 25.5, 18.0, 18.0, 20.9, 20.9, 25.4, 25.4, 26.2, 26.2, 14.8, 14.8, 25.0, 25.0, 25.3, 25.3, 25.4, 25.4, 1000, 0.0]",10.712348958623242,-22.756626714389732
62,0.41999999999999993,1.0,explore,3.7074647268215672,"[7, 6, 5, 6, 1, 1, 9, 8, 7, 9, 55827.31161380596, 2499944172.688386, 55827.31161380596, 2499944172.688386, 55827.31161380596, 2499944172.688386, 55827.31161380596, 2499944172.688386, 55827.31161380596, 2499944172.688386, 55827.31161380596, 2499944172.688386, 55827.31161380596, 2499944172.688386, 55827.31161380596, 2499944172.688386, 55827.31161380596, 2499944172.688386, 55827.31161380596, 2499944172.688386, 4.9399999999999995, 4.9399999999999995, 1.7260000000000002, 1.7260000000000002, 5.0600000000000005, 5.0600000000000005, 4.8, 4.8, 5.0600000000000005, 5.0600000000000005, 5.0, 5.0, 4.5200000000000005, 4.5200000000000005, 5.16, 5.16, 3.54, 3.54, 4.18, 4.18, 900, 14.196095652798286]",9.761504562038446,-21.853663839800127
63,0.52,1.0,explore,3.4435875678593404,"[10, 9, 9, 6, 6, 7, 2, 1, 10, 4, 55813.96730410447, 2499944186.032696, 55813.96730410447, 2499944186.032696, 55813.96730410447, 2499944186.032696, 55813.96730410447, 2499944186.032696, 55813.96730410447, 2499944186.032696, 55813.96730410447, 2499944186.032696, 55813.96730410447, 2499944186.032696, 55813.96730410447, 2499944186.032696, 55813.96730410447, 2499944186.032696, 55813.96730410447, 2499944186.032696, 3.8666666666666667, 3.8666666666666667, 2.25, 2.25, 4.233333333333333, 4.233333333333333, 4.416666666666667, 4.416666666666667, 4.166666666666667, 4.166666666666667, 3.5666666666666664, 3.5666666666666664, 4.3, 4.3, 4.333333333333333, 4.333333333333333, 2.466666666666667, 2.466666666666667, 2.983333333333333, 2.983333333333333, 900, 13.518742827176174]",9.765825501796535,-22.02420293619557
64,0.48,1.0,explore,4.686348461458539,"[8, 10, 6, 2, 5, 6, 3, 8, 5, 4, 55827.31161380596, 2499944172.688386, 55827.31161380596, 2499944172.688386, 55827.31161380596, 2499944172.688386, 55827.31161380596, 2499944172.688386, 55827.31161380596, 2499944172.688386, 55827.31161380596, 2499944172.688386, 55827.31161380596, 2499944172.688386, 55827.31161380596, 2499944172.688386, 55827.31161380596, 2499944172.688386, 55827.31161380596, 2499944172.688386, 3.1999999999999997, 3.1999999999999997, 3.5714285714285716, 3.5714285714285716, 3.6, 3.6, 2.1142857142857143, 2.1142857142857143, 2.7714285714285714, 2.7714285714285714, 3.642857142857143, 3.642857142857143, 3.685714285714286, 3.685714285714286, 3.057142857142857, 3.057142857142857, 2.685714285714286, 2.685714285714286, 3.3285714285714287, 3.3285714285714287, 1000, 9.878199936501993]",8.829858865128102,-25.00102674567824
65,0.6000000000000001,1.0,explore,3.0860606141594773,"[10, 2, 5, 10, 2, 4, 3, 8, 6, 10, 66972.4905783582, 2499933027.509422, 66972.4905783582, 2499933027.509422, 66972.4905783582, 2499933027.509422, 66972.4905783582, 2499933027.509422, 66972.4905783582, 2499933027.509422, 66972.4905783582, 2499933027.509422, 66972.4905783582, 2499933027.509422, 66972.4905783582, 2499933027.509422, 66972.4905783582, 2499933027.509422, 66972.4905783582, 2499933027.509422, 4.4, 4.4, 4.875, 4.875, 6.275, 6.275, 6.375, 6.375, 6.0, 6.0, 6.425, 6.425, 5.225, 5.225, 3.7, 3.7, 5.6, 5.6, 6.275, 6.275, 1000, 13.714366356346424]",9.229459782155669,-1.4538996435240255
66,0.48,1.0,explore,5.010044802967859,"[4, 4, 6, 5, 3, 8, 4, 1, 5, 6, 44650.10628731343, 2499955349.8937125, 44650.10628731343, 2499955349.8937125, 44650.10628731343, 2499955349.8937125, 44650.10628731343, 2499955349.8937125, 44650.10628731343, 2499955349.8937125, 44650.10628731343, 2499955349.8937125, 44650.10628731343, 2499955349.8937125, 44650.10628731343, 2499955349.8937125, 44650.10628731343, 2499955349.8937125, 44650.10628731343, 2499955349.8937125, 2.0166666666666666, 2.0166666666666666, 1.925, 1.925, 2.091666666666667, 2.091666666666667, 1.5416666666666667, 1.5416666666666667, 2.1333333333333333, 2.1333333333333333, 2.066666666666667, 2.066666666666667, 2.125, 2.125, 2.1166666666666667, 2.1166666666666667, 2.1666666666666665, 2.1666666666666665, 1.55, 1.55, 1000, 7.243938368289004]",9.515442719864463,-16.525078603553766
67,0.5,1.0,explore,5.086548923552914,"[5, 5, 5, 3, 5, 8, 4, 4, 10, 3, 66999.17919776119, 2499933000.820802, 66999.17919776119, 2499933000.820802, 66999.17919776119, 2499933000.820802, 66999.17919776119, 2499933000.820802, 66999.17919776119, 2499933000.820802, 66999.17919776119, 2499933000.820802, 66999.17919776119, 2499933000.820802, 66999.17919776119, 2499933000.820802, 66999.17919776119, 2499933000.820802, 66999.17919776119, 2499933000.820802, 3.94, 3.94, 4.5200000000000005, 4.5200000000000005, 5.04, 5.04, 3.7600000000000002, 3.7600000000000002, 5.2, 5.2, 5.08, 5.08, 4.5200000000000005, 4.5200000000000005, 5.0600000000000005, 5.0600000000000005, 4.7, 4.7, 4.4399999999999995, 4.4399999999999995, 900, 7.761569533180955]",13.230328981188114,-18.669730625083243
68,0.52,1.0,explore,3.8864561513685354,"[4, 7, 7, 7, 6, 10, 6, 10, 2, 5, 55819.30503731343, 2499944180.6949625, 55819.30503731343, 2499944180.6949625, 55819.30503731343, 2499944180.6949625, 55819.30503731343, 2499944180.6949625, 55819.30503731343, 2499944180.6949625, 55819.30503731343, 2499944180.6949625, 55819.30503731343, 2499944180.6949625, 55819.30503731343, 2499944180.6949625, 55819.30503731343, 2499944180.6949625, 55819.30503731343, 2499944180.6949625, 25.5, 25.5, 26.0, 26.0, 21.4, 21.4, 13.9, 13.9, 23.2, 23.2, 25.4, 25.4, 17.7, 17.7, 22.8, 22.8, 19.1, 19.1, 25.7, 25.7, 1000, 0.0]",16.03004605913609,-4.565866041869617
69,0.52,1.0,explore,3.834618509937619,"[2, 3, 7, 9, 2, 4, 7, 1, 8, 4, 44647.43742070895, 2499955352.562579, 44647.43742070895, 2499955352.562579, 44647.43742070895, 2499955352.562579, 44647.43742070895, 2499955352.562579, 44647.43742070895, 2499955352.562579, 44647.43742070895, 2499955352.562579, 44647.43742070895, 2499955352.562579, 44647.43742070895, 2499955352.562579, 44647.43742070895, 2499955352.562579, 44647.43742070895, 2499955352.562579, 2.085714285714286, 2.085714285714286, 3.7142857142857144, 3.7142857142857144, 2.8000000000000003, 2.8000000000000003, 3.357142857142857, 3.357142857142857, 3.414285714285714, 3.414285714285714, 3.5285714285714285, 3.5285714285714285, 3.6714285714285713, 3.6714285714285713, 3.4285714285714284, 3.4285714285714284, 3.4285714285714284, 3.4285714285714284, 3.757142857142857, 3.757142857142857, 900, 8.975381464208665]",14.152557716322127,-19.69295420180645
70,0.44000000000000006,1.0,explore,2.251056667990096,"[8, 8, 1, 1, 2, 3, 3, 10, 7, 6, 44652.7751539179, 2499955347.224846, 44652.7751539179, 2499955347.224846, 44652.7751539179, 2499955347.224846, 44652.7751539179, 2499955347.224846, 44652.7751539179, 2499955347.224846, 44652.7751539179, 2499955347.224846, 44652.7751539179, 2499955347.224846, 44652.7751539179, 2499955347.224846, 44652.7751539179, 2499955347.224846, 44652.7751539179, 2499955347.224846, 4.166666666666667, 4.166666666666667, 4.033333333333333, 4.033333333333333, 2.766666666666667, 2.766666666666667, 3.9, 3.9, 2.25, 2.25, 4.116666666666666, 4.116666666666666, 4.333333333333333, 4.333333333333333, 3.5, 3.5, 2.25, 2.25, 3.733333333333333, 3.733333333333333, 1000, 11.226984571281521]",14.57689024404809,-2.1095391145826463
71,0.42000000000000004,1.0,explore,5.663976183902983,"[5, 5, 5, 3, 5, 8, 4, 4, 10, 3, 55827.31161380596, 2499944172.688386, 55827.31161380596, 2499944172.688386, 55827.31161380596, 2499944172.688386, 55827.31161380596, 2499944172.688386, 55827.31161380596, 2499944172.688386, 55827.31161380596, 2499944172.688386, 55827.31161380596, 2499944172.688386, 55827.31161380596, 2499944172.688386, 55827.31161380596, 2499944172.688386, 55827.31161380596, 2499944172.688386, 5.2, 5.2, 3.88, 3.88, 4.1, 4.1, 4.220000000000001, 4.220000000000001, 4.68, 4.68, 2.92, 2.92, 5.14, 5.14, 3.3200000000000003, 3.3200000000000003, 1.7260000000000002, 1.7260000000000002, 5.24, 5.24, 900, 7.053804702834476]",15.896519004796971,-28.92117246705779
72,0.5,1.0,explore,3.264648969113176,"[8, 3, 5, 2, 6, 8, 10, 4, 10, 7, 55226.81707089552, 2499944773.182929, 55226.81707089552, 2499944773.182929, 55226.81707089552, 2499944773.182929, 55226.81707089552, 2499944773.182929, 55226.81707089552, 2499944773.182929, 55226.81707089552, 2499944773.182929, 55226.81707089552, 2499944773.182929, 55226.81707089552, 2499944773.182929, 55226.81707089552, 2499944773.182929, 55226.81707089552, 2499944773.182929, 5.2, 5.2, 5.14, 5.14, 5.12, 5.12, 5.32, 5.32, 2.2600000000000002, 2.2600000000000002, 4.5200000000000005, 4.5200000000000005, 4.2, 4.2, 5.0600000000000005, 5.0600000000000005, 4.64, 4.64, 5.16, 5.16, 1100, 11.21095751923608]",9.497317920272796,-2.3311165478893976
73,0.52,1.0,explore,4.464860212940749,"[10, 9, 5, 3, 7, 8, 9, 1, 5, 3, 55816.63614738805, 2499944183.3638525, 55816.63614738805, 2499944183.3638525, 55816.63614738805, 2499944183.3638525, 55816.63614738805, 2499944183.3638525, 55816.63614738805, 2499944183.3638525, 55816.63614738805, 2499944183.3638525, 55816.63614738805, 2499944183.3638525, 55816.63614738805, 2499944183.3638525, 55816.63614738805, 2499944183.3638525, 55816.63614738805, 2499944183.3638525, 4.216666666666667, 4.216666666666667, 3.983333333333333, 3.983333333333333, 4.233333333333333, 4.233333333333333, 4.233333333333333, 4.233333333333333, 3.5666666666666664, 3.5666666666666664, 4.133333333333334, 4.133333333333334, 2.466666666666667, 2.466666666666667, 4.166666666666667, 4.166666666666667, 3.4, 3.4, 2.8333333333333335, 2.8333333333333335, 1000, 14.071936272555838]",10.697774689198905,-55.45379524886671
74,0.62,1.0,explore,-0.07139925468372539,"[10, 2, 7, 5, 3, 3, 9, 10, 6, 1, 55808.62957089552, 2499944191.370429, 55808.62957089552, 2499944191.370429, 55808.62957089552, 2499944191.370429, 55808.62957089552, 2499944191.370429, 55808.62957089552, 2499944191.370429, 55808.62957089552, 2499944191.370429, 55808.62957089552, 2499944191.370429, 55808.62957089552, 2499944191.370429, 55808.62957089552, 2499944191.370429, 55808.62957089552, 2499944191.370429, 1.6500000000000001, 1.6500000000000001, 2.0833333333333335, 2.0833333333333335, 2.1083333333333334, 2.1083333333333334, 1.7750000000000001, 1.7750000000000001, 1.0083333333333333, 1.0083333333333333, 2.1416666666666666, 2.1416666666666666, 2.1666666666666665, 2.1666666666666665, 2.1166666666666667, 2.1166666666666667, 1.3833333333333335, 1.3833333333333335, 1.4749999999999999, 1.4749999999999999, 1000, 12.667274504148471]",7.8931513254726315,-0.047583446934134216
75,0.58,1.0,explore,4.693517554220549,"[10, 9, 5, 3, 7, 8, 9, 1, 5, 3, 55821.97388059701, 2499944178.026119, 55821.97388059701, 2499944178.026119, 55821.97388059701, 2499944178.026119, 55821.97388059701, 2499944178.026119, 55821.97388059701, 2499944178.026119, 55821.97388059701, 2499944178.026119, 55821.97388059701, 2499944178.026119, 55821.97388059701, 2499944178.026119, 55821.97388059701, 2499944178.026119, 55821.97388059701, 2499944178.026119, 4.333333333333333, 4.333333333333333, 4.183333333333334, 4.183333333333334, 4.333333333333333, 4.333333333333333, 4.366666666666666, 4.366666666666666, 3.0, 3.0, 4.3, 4.3, 3.9166666666666665, 3.9166666666666665, 2.466666666666667, 2.466666666666667, 3.9166666666666665, 3.9166666666666665, 3.5, 3.5, 900, 11.035570665288017]",10.841257668868534,-54.35448363742885
76,0.52,1.0,explore,3.664576711606641,"[4, 8, 6, 2, 2, 6, 9, 1, 7, 10, 66999.17919776119, 2499933000.820802, 66999.17919776119, 2499933000.820802, 66999.17919776119, 2499933000.820802, 66999.17919776119, 2499933000.820802, 66999.17919776119, 2499933000.820802, 66999.17919776119, 2499933000.820802, 66999.17919776119, 2499933000.820802, 66999.17919776119, 2499933000.820802, 66999.17919776119, 2499933000.820802, 66999.17919776119, 2499933000.820802, 4.033333333333333, 4.033333333333333, 4.266666666666667, 4.266666666666667, 3.516666666666667, 3.516666666666667, 3.5500000000000003, 3.5500000000000003, 3.733333333333333, 3.733333333333333, 2.0166666666666666, 2.0166666666666666, 2.9499999999999997, 2.9499999999999997, 4.25, 4.25, 3.1666666666666665, 3.1666666666666665, 3.5666666666666664, 3.5666666666666664, 1000, 7.739458189612757]",9.897274187048149,-3.9928581987942224
77,0.5599999999999999,1.0,explore,3.221471249868732,"[1, 8, 2, 6, 4, 5, 2, 2, 10, 7, 55829.98045708955, 2499944170.0195427, 55829.98045708955, 2499944170.0195427, 55829.98045708955, 2499944170.0195427, 55829.98045708955, 2499944170.0195427, 55829.98045708955, 2499944170.0195427, 55829.98045708955, 2499944170.0195427, 55829.98045708955, 2499944170.0195427, 55829.98045708955, 2499944170.0195427, 55829.98045708955, 2499944170.0195427, 55829.98045708955, 2499944170.0195427, 4.033333333333333, 4.033333333333333, 2.8333333333333335, 2.8333333333333335, 3.8833333333333333, 3.8833333333333333, 3.483333333333333, 3.483333333333333, 4.333333333333333, 4.333333333333333, 3.8000000000000003, 3.8000000000000003, 4.333333333333333, 4.333333333333333, 4.033333333333333, 4.033333333333333, 3.5666666666666664, 3.5666666666666664, 4.25, 4.25, 1000, 10.3977317004634]",9.63259300063048,-1.1009331902631616
78,0.5799999999999998,1.0,explore,4.821442424622907,"[1, 9, 5, 10, 4, 1, 10, 2, 1, 8, 55808.62957089552, 2499944191.370429, 55808.62957089552, 2499944191.370429, 55808.62957089552, 2499944191.370429, 55808.62957089552, 2499944191.370429, 55808.62957089552, 2499944191.370429, 55808.62957089552, 2499944191.370429, 55808.62957089552, 2499944191.370429, 55808.62957089552, 2499944191.370429, 55808.62957089552, 2499944191.370429, 55808.62957089552, 2499944191.370429, 2.675, 2.675, 1.35, 1.35, 2.4375, 2.4375, 2.175, 2.175, 3.175, 3.175, 2.3125, 2.3125, 3.25, 3.25, 3.1, 3.1, 2.85, 2.85, 1.825, 1.825, 1100, 11.764555968399028]",9.232864397595046,-19.09645103075118
79,0.62,1.0,explore,0.4744070089532798,"[8, 6, 5, 7, 1, 3, 9, 3, 1, 10, 55829.98045708955, 2499944170.0195427, 55829.98045708955, 2499944170.0195427, 55829.98045708955, 2499944170.0195427, 55829.98045708955, 2499944170.0195427, 55829.98045708955, 2499944170.0195427, 55829.98045708955, 2499944170.0195427, 55829.98045708955, 2499944170.0195427, 55829.98045708955, 2499944170.0195427, 55829.98045708955, 2499944170.0195427, 55829.98045708955, 2499944170.0195427, 25.5, 25.5, 25.7, 25.7, 23.9, 23.9, 25.8, 25.8, 24.2, 24.2, 25.5, 25.5, 18.0, 18.0, 26.0, 26.0, 19.0, 19.0, 21.7, 21.7, 1000, 0.0]",8.712193511418471,-0.09517143114294349
80,0.54,1.0,explore,1.8860314463870487,"[2, 5, 5, 7, 3, 9, 6, 8, 3, 6, 55813.96730410447, 2499944186.032696, 55813.96730410447, 2499944186.032696, 55813.96730410447, 2499944186.032696, 55813.96730410447, 2499944186.032696, 55813.96730410447, 2499944186.032696, 55813.96730410447, 2499944186.032696, 55813.96730410447, 2499944186.032696, 55813.96730410447, 2499944186.032696, 55813.96730410447, 2499944186.032696, 55813.96730410447, 2499944186.032696, 2.84, 2.84, 4.5, 4.5, 4.5200000000000005, 4.5200000000000005, 5.12, 5.12, 4.66, 4.66, 4.8, 4.8, 5.16, 5.16, 4.5600000000000005, 4.5600000000000005, 4.779999999999999, 4.779999999999999, 4.46, 4.46, 900, 9.192600725216801]",10.029327927424799,-1.1005473440869025
81,0.5,1.0,explore,5.087861963567127,"[7, 5, 7, 1, 8, 5, 2, 4, 7, 6, 44658.11288246269, 2499955341.8871174, 44658.11288246269, 2499955341.8871174, 44658.11288246269, 2499955341.8871174, 44658.11288246269, 2499955341.8871174, 44658.11288246269, 2499955341.8871174, 44658.11288246269, 2499955341.8871174, 44658.11288246269, 2499955341.8871174, 44658.11288246269, 2499955341.8871174, 44658.11288246269, 2499955341.8871174, 44658.11288246269, 2499955341.8871174, 1.0, 1.0, 2.54, 2.54, 2.44, 2.44, 2.55, 2.55, 2.46, 2.46, 2.4, 2.4, 2.31, 2.31, 2.2800000000000002, 2.2800000000000002, 2.05, 2.05, 2.57, 2.57, 900, 10.663702438850766]",9.232115612442382,-75.08865179517667
82,0.5,1.0,explore,4.643962244692358,"[6, 5, 9, 7, 1, 9, 3, 6, 9, 7, 55837.98708022388, 2499944162.01292, 55837.98708022388, 2499944162.01292, 55837.98708022388, 2499944162.01292, 55837.98708022388, 2499944162.01292, 55837.98708022388, 2499944162.01292, 55837.98708022388, 2499944162.01292, 55837.98708022388, 2499944162.01292, 55837.98708022388, 2499944162.01292, 55837.98708022388, 2499944162.01292, 55837.98708022388, 2499944162.01292, 3.4333333333333336, 3.4333333333333336, 4.25, 4.25, 4.333333333333333, 4.333333333333333, 3.6166666666666667, 3.6166666666666667, 4.1499999999999995, 4.1499999999999995, 4.216666666666667, 4.216666666666667, 3.4166666666666665, 3.4166666666666665, 3.5, 3.5, 4.066666666666666, 4.066666666666666, 4.016666666666667, 4.016666666666667, 900, 11.097476496602749]",8.966418038032845,-7.150662120984597
83,0.52,1.0,explore,3.843069989489526,"[4, 8, 4, 10, 4, 8, 8, 9, 3, 6, 66983.16604477612, 2499933016.8339553, 66983.16604477612, 2499933016.8339553, 66983.16604477612, 2499933016.8339553, 66983.16604477612, 2499933016.8339553, 66983.16604477612, 2499933016.8339553, 66983.16604477612, 2499933016.8339553, 66983.16604477612, 2499933016.8339553, 66983.16604477612, 2499933016.8339553, 66983.16604477612, 2499933016.8339553, 66983.16604477612, 2499933016.8339553, 3.414285714285714, 3.414285714285714, 3.6, 3.6, 3.442857142857143, 3.442857142857143, 3.257142857142857, 3.257142857142857, 2.9857142857142853, 2.9857142857142853, 3.8000000000000003, 3.8000000000000003, 3.4285714285714284, 3.4285714285714284, 3.257142857142857, 3.257142857142857, 2.5285714285714285, 2.5285714285714285, 3.3428571428571425, 3.3428571428571425, 900, 8.989434207799059]",10.164953262223163,-7.996517183518227
84,0.5,1.0,explore,5.443378705560102,"[10, 5, 6, 1, 4, 3, 9, 10, 5, 8, 55829.98045708955, 2499944170.0195427, 55829.98045708955, 2499944170.0195427, 55829.98045708955, 2499944170.0195427, 55829.98045708955, 2499944170.0195427, 55829.98045708955, 2499944170.0195427, 55829.98045708955, 2499944170.0195427, 55829.98045708955, 2499944170.0195427, 55829.98045708955, 2499944170.0195427, 55829.98045708955, 2499944170.0195427, 55829.98045708955, 2499944170.0195427, 2.1666666666666665, 2.1666666666666665, 2.1, 2.1, 2.1083333333333334, 2.1083333333333334, 2.125, 2.125, 1.7666666666666666, 1.7666666666666666, 1.7083333333333333, 1.7083333333333333, 1.7583333333333335, 1.7583333333333335, 1.7416666666666665, 1.7416666666666665, 1.925, 1.925, 1.5833333333333333, 1.5833333333333333, 900, 11.648302767970963]",15.765847995838016,-67.82347676798621
85,0.4,1.0,explore,2.242918820344299,"[9, 2, 4, 5, 9, 4, 7, 10, 2, 1, 55805.96068097015, 2499944194.039319, 55805.96068097015, 2499944194.039319, 55805.96068097015, 2499944194.039319, 55805.96068097015, 2499944194.039319, 55805.96068097015, 2499944194.039319, 55805.96068097015, 2499944194.039319, 55805.96068097015, 2499944194.039319, 55805.96068097015, 2499944194.039319, 55805.96068097015, 2499944194.039319, 55805.96068097015, 2499944194.039319, 3.0833333333333335, 3.0833333333333335, 2.766666666666667, 2.766666666666667, 3.0833333333333335, 3.0833333333333335, 3.466666666666667, 3.466666666666667, 2.25, 2.25, 2.0166666666666666, 2.0166666666666666, 4.05, 4.05, 4.166666666666667, 4.166666666666667, 3.1333333333333333, 3.1333333333333333, 3.983333333333333, 3.983333333333333, 900, 10.749297858594659]",14.565769318599354,-14.261640118870702
86,0.54,1.0,explore,1.085858548457378,"[2, 2, 9, 3, 10, 1, 8, 10, 1, 7, 55829.98045708955, 2499944170.0195427, 55829.98045708955, 2499944170.0195427, 55829.98045708955, 2499944170.0195427, 55829.98045708955, 2499944170.0195427, 55829.98045708955, 2499944170.0195427, 55829.98045708955, 2499944170.0195427, 55829.98045708955, 2499944170.0195427, 55829.98045708955, 2499944170.0195427, 55829.98045708955, 2499944170.0195427, 55829.98045708955, 2499944170.0195427, 26.0, 26.0, 25.3, 25.3, 18.7, 18.7, 26.6, 26.6, 20.8, 20.8, 22.4, 22.4, 21.4, 21.4, 25.2, 25.2, 24.2, 24.2, 25.0, 25.0, 900, 0.0]",9.229300390253188,-2.3419068374964
87,0.44000000000000006,1.0,explore,5.672841681585126,"[5, 4, 7, 1, 5, 5, 6, 2, 9, 10, 55824.64277052239, 2499944175.3572297, 55824.64277052239, 2499944175.3572297, 55824.64277052239, 2499944175.3572297, 55824.64277052239, 2499944175.3572297, 55824.64277052239, 2499944175.3572297, 55824.64277052239, 2499944175.3572297, 55824.64277052239, 2499944175.3572297, 55824.64277052239, 2499944175.3572297, 55824.64277052239, 2499944175.3572297, 55824.64277052239, 2499944175.3572297, 1.9909090909090907, 1.9909090909090907, 1.3272727272727272, 1.3272727272727272, 1.2272727272727273, 1.2272727272727273, 1.8636363636363635, 1.8636363636363635, 2.118181818181818, 2.118181818181818, 2.3000000000000003, 2.3000000000000003, 1.9, 1.9, 2.190909090909091, 2.190909090909091, 1.8636363636363635, 1.8636363636363635, 2.118181818181818, 2.118181818181818, 1000, 7.337459735485342]",13.909523853933251,-7.069626578348002
88,0.36,0.9998799999999999,explore,10.507340324715432,"[5, 5, 5, 3, 5, 8, 4, 4, 10, 3, 55816.63614738805, 2499944183.3638525, 55816.63614738805, 2499944183.3638525, 55816.63614738805, 2499944183.3638525, 55816.63614738805, 2499944183.3638525, 55816.63614738805, 2499944183.3638525, 55816.63614738805, 2499944183.3638525, 55816.63614738805, 2499944183.3638525, 55816.63614738805, 2499944183.3638525, 55816.63614738805, 2499944183.3638525, 55816.63614738805, 2499944183.3638525, 26.2, 26.2, 17.7, 17.7, 25.6, 25.6, 25.4, 25.4, 23.3, 23.3, 17.7, 17.7, 26.2, 26.2, 20.9, 20.9, 23.4, 23.4, 13.9, 13.9, 900, 0.0]",14.561365172104122,-8.820306925428252
89,0.6,0.9996799999999997,explore,2.855374205390258,"[10, 10, 2, 8, 2, 5, 2, 9, 7, 10, 66988.50377798508, 2499933011.496222, 66988.50377798508, 2499933011.496222, 66988.50377798508, 2499933011.496222, 66988.50377798508, 2499933011.496222, 66988.50377798508, 2499933011.496222, 66988.50377798508, 2499933011.496222, 66988.50377798508, 2499933011.496222, 66988.50377798508, 2499933011.496222, 66988.50377798508, 2499933011.496222, 66988.50377798508, 2499933011.496222, 2.8285714285714287, 2.8285714285714287, 3.6, 3.6, 3.6571428571428575, 3.6571428571428575, 2.5285714285714285, 2.5285714285714285, 3.0142857142857147, 3.0142857142857147, 3.357142857142857, 3.357142857142857, 3.4285714285714284, 3.4285714285714284, 3.457142857142857, 3.457142857142857, 3.642857142857143, 3.642857142857143, 3.6571428571428575, 3.6571428571428575, 1000, 11.832671260585808]",9.083434087400347,-1.3265312692033566
90,0.45999999999999996,0.9994799999999995,explore,7.612678800756757,"[4, 8, 9, 4, 10, 6, 8, 6, 7, 1, 55816.63614738805, 2499944183.3638525, 55816.63614738805, 2499944183.3638525, 55816.63614738805, 2499944183.3638525, 55816.63614738805, 2499944183.3638525, 55816.63614738805, 2499944183.3638525, 55816.63614738805, 2499944183.3638525, 55816.63614738805, 2499944183.3638525, 55816.63614738805, 2499944183.3638525, 55816.63614738805, 2499944183.3638525, 55816.63614738805, 2499944183.3638525, 5.12, 5.12, 3.3200000000000003, 3.3200000000000003, 4.9399999999999995, 4.9399999999999995, 4.38, 4.38, 5.08, 5.08, 3.8, 3.8, 4.24, 4.24, 4.38, 4.38, 5.12, 5.12, 3.7600000000000002, 3.7600000000000002, 1100, 8.678602049000625]",16.019605408785118,-11.975120487133312
